County,TSA
Anderson,TSA G
Andrews,TSA J
Angelina,TSA H
Aransas,TSA U
Archer,TSA C
Armstrong,TSA A
Atascosa,TSA P
Austin,TSA Q
Bailey,TSA B
Bandera,TSA P
Bastrop,TSA O
Baylor,TSA C
Bee,TSA U
Bell,TSA L
Bexar,TSA P
Blanco,TSA O
Borden,TSA B
Bosque,TSA M
Bowie,TSA F
Brazoria,TSA R
Brazos,TSA N
Brewster,TSA J
Briscoe,TSA A
Brooks,TSA U
Brown,TSA D
Burleson,TSA N
Burnet,TSA O
Caldwell,TSA O
Calhoun,TSA S
Callahan,TSA D
Cameron,TSA V
Camp,TSA G
Carson,TSA A
Cass,TSA F
Castro,TSA B
Chambers,TSA R
Cherokee,TSA G
Childress,TSA A
Clay,TSA C
Cochran,TSA B
Coke,TSA K
Coleman,TSA D
Collin,TSA E
Collingsworth,TSA A
Colorado,TSA Q
Comal,TSA P
Comanche,TSA D
Concho,TSA K
Cooke,TSA E
Coryell,TSA L
Cottle,TSA B
Crane,TSA J
Crockett,TSA K
Crosby,TSA B
Culberson,TSA I
Dallam,TSA A
Dallas,TSA E
Dawson,TSA B
De Witt,TSA S
Deaf Smith,TSA A
Delta,TSA F
Denton,TSA E
Dickens,TSA B
Dimmit,TSA P
Donley,TSA A
Duval,TSA U
Eastland,TSA D
Ector,TSA J
Edwards,TSA P
El Paso,TSA I
Ellis,TSA E
Erath,TSA E
Falls,TSA M
Fannin,TSA E
Fayette,TSA O
Fisher,TSA D
Floyd,TSA B
Foard,TSA C
Fort Bend,TSA Q
Franklin,TSA G
Freestone,TSA G
Frio,TSA P
Gaines,TSA B
Galveston,TSA R
Garza,TSA B
Gillespie,TSA P
Glasscock,TSA J
Goliad,TSA S
Gonzales,TSA P
Gray,TSA A
Grayson,TSA E
Gregg,TSA G
Grimes,TSA N
Guadalupe,TSA P
Hale,TSA B
Hall,TSA A
Hamilton,TSA L
Hansford,TSA A
Hardeman,TSA C
Hardin,TSA R
Harris,TSA Q
Harrison,TSA G
Hartley,TSA A
Haskell,TSA D
Hays,TSA O
Hemphill,TSA A
Henderson,TSA G
Hidalgo,TSA V
Hill,TSA M
Hockley,TSA B
Hood,TSA E
Hopkins,TSA F
Houston,TSA G
Howard,TSA J
Hudspeth,TSA I
Hunt,TSA E
Hutchinson,TSA A
Irion,TSA K
Jack,TSA C
Jackson,TSA S
Jasper,TSA R
Jeff Davis,TSA J
Jefferson,TSA R
Jim Hogg,TSA T
Jim Wells,TSA U
Johnson,TSA E
Jones,TSA D
Karnes,TSA P
Kaufman,TSA E
Kendall,TSA P
Kenedy,TSA U
Kent,TSA B
Kerr,TSA P
Kimble,TSA K
King,TSA B
Kinney,TSA P
Kleberg,TSA U
Knox,TSA D
La Salle,TSA P
Lamar,TSA F
Lamb,TSA B
Lampasas,TSA L
Lavaca,TSA S
Lee,TSA O
Leon,TSA N
Liberty,TSA R
Limestone,TSA M
Lipscomb,TSA A
Live Oak,TSA U
Llano,TSA O
Loving,TSA J
Lubbock,TSA B
Lynn,TSA B
Madison,TSA N
Marion,TSA G
Martin,TSA J
Mason,TSA K
Matagorda,TSA Q
Maverick,TSA P
Mcculloch,TSA K
McLennan,TSA M
Mcmullen,TSA U
Medina,TSA P
Menard,TSA K
Midland,TSA J
Milam,TSA L
Mills,TSA L
Mitchell,TSA D
Montague,TSA C
Montgomery,TSA Q
Moore,TSA A
Morris,TSA F
Motley,TSA B
Nacogdoches,TSA H
Navarro,TSA E
Newton,TSA R
Nolan,TSA D
Nueces,TSA U
Ochiltree,TSA A
Oldham,TSA A
Orange,TSA R
Palo Pinto,TSA E
Panola,TSA G
Parker,TSA E
Parmer,TSA A
Pecos,TSA J
Polk,TSA H
Potter,TSA A
Presidio,TSA J
Rains,TSA G
Randall,TSA A
Reagan,TSA K
Real,TSA P
Red River,TSA F
Reeves,TSA J
Refugio,TSA U
Roberts,TSA A
Robertson,TSA N
Rockwall,TSA E
Runnels,TSA K
Rusk,TSA G
Sabine,TSA H
San Augustine,TSA H
San Jacinto,TSA H
San Patricio,TSA U
San Saba,TSA O
Schleicher,TSA K
Scurry,TSA B
Shackelford,TSA D
Shelby,TSA G
Sherman,TSA A
Smith,TSA G
Somervell,TSA E
Starr,TSA V
Stephens,TSA D
Sterling,TSA K
Stonewall,TSA D
Sutton,TSA K
Swisher,TSA A
Tarrant,TSA E
Taylor,TSA D
Terrell,TSA J
Terry,TSA B
Throckmorton,TSA D
Titus,TSA F
Tom Green,TSA K
Travis,TSA O
Trinity,TSA G
Tyler,TSA H
Upshur,TSA G
Upton,TSA J
Uvalde,TSA P
Val Verde,TSA P
Van Zandt,TSA G
Victoria,TSA S
Walker,TSA Q
Waller,TSA Q
Ward,TSA J
Washington,TSA N
Webb,TSA T
Wharton,TSA Q
Wheeler,TSA A
Wichita,TSA C
Wilbarger,TSA C
Willacy,TSA V
Williamson,TSA O
Wilson,TSA P
Winkler,TSA J
Wise,TSA E
Wood,TSA G
Yoakum,TSA B
Young,TSA C
Zapata,TSA T
Zavala,TSA P
